target_genre,prompt_idx,sample_id,base_prompt,generated
Historical Adventure,1,1,Write a description of an autumn morning in a melancholic style.,"The first light of dawn, a pale ghost of gold, crept over the horizon, painting the sky with hues of regret.  A chill wind swept through the ancient oaks, their leaves swirling down like fallen tears, a symphony of rust and crimson.  Even the sun, a timid newcomer, seemed to carry a touch of melancholy in its rays.  The air held the scent of damp earth and"
Historical Adventure,2,1,Create a short text portraying an autumn morning with a melancholic atmosphere.,"The first rays of dawn, pale and hesitant, kissed the russet leaves clinging to the ancient oak. A chill wind whispered through the skeletal branches, carrying the scent of damp earth and decaying leaves.  A lone raven, perched on a weathered fence post, croaked a mournful song, its dark eyes mirroring the melancholic mood settling over the village."
Historical Adventure,3,1,Describe an autumn morning using a sad nostalgic literary tone.,"The first light of dawn, a timid fingertip of gold, dared to touch the horizon, hesitant to paint the sky.  A melancholy stillness hung over the fields, where the cornstalks, once proud and tall, now swayed listlessly, their golden husks scattered like fallen leaves on the windswept ground.  A solitary crow called, its mournful cry echoing through the quiet, a song"
Historical Adventure,4,1,Write a poetic paragraph about an autumn morning filled with melancholy.,"The sun, a bruised ember in the pale October sky, cast long shadows across the crumbling stone walls.  A melancholy wind whispered through the skeletal branches, carrying the scent of decaying leaves and the ghost of summer's warmth.  The village, usually bustling with life, lay hushed and still, a canvas of muted golds and reds, mirroring the heavy weight in the heart of each villager."
Historical Adventure,5,1,Write a literary description of an autumn morning using metaphors and sensory imagery.,"The sun, a bruised ruby in the eastern sky, bled gold onto the tapestry of leaves.  Scarlet and russet, they rustled like whispered secrets, their dying breath carrying the scent of woodsmoke and turning earth.  A spiderweb, a fragile lacework, hung in the air, shimmering with dew like a captured sunbeam.  The wind, a restless spirit, whistled through the"
Fantasy,1,1,Write a description of an autumn morning in a melancholic style.,"The first light of dawn, a pale and watery hand, crept over the hills, staining the sky with hues of bruised violet and dying ember.  The air, crisp and sharp, carried the scent of decaying leaves, a bittersweet perfume that whispered of winter’s approach.  A lone hawk, its shadow a fleeting silhouette against the fading embers of the sun, circled high above the valley, its"
Fantasy,2,1,Create a short text portraying an autumn morning with a melancholic atmosphere.,"The wind, a restless spirit stirring through the ancient oaks, whispered tales of forgotten summers.  Crimson and gold leaves swirled in the air, a mournful ballet against the pale grey sky.  Sunlight, already thinned and wan, kissed the ground, painting it with fleeting hues before retreating once more.  A lone raven, perched on a crumbling stone wall, watched the spectacle unfold, its black eyes"
Fantasy,3,1,Describe an autumn morning using a sad nostalgic literary tone.,"The morning mist clung to the ancient oaks, their branches heavy with the ghosts of summers past. A melancholic sigh swept through the forest, carried on the whisper of wind through fallen leaves, each one a memory of a sun-drenched day now faded and brittle.  A single crimson maple, its leaves ablaze against the fading light, stood sentinel, its mournful silhouette a beacon of autumn's"
Fantasy,4,1,Write a poetic paragraph about an autumn morning filled with melancholy.,"The sun, a pale ghost in the grey sky, cast long, skeletal shadows across the withered leaves.  Each gust of wind carried whispers of forgotten promises, rustling through the branches like sighs.  A crimson ember clung stubbornly to a dying leaf, its vibrant hue a stark contrast to the somber hues of the world around it."
Fantasy,5,1,Write a literary description of an autumn morning using metaphors and sensory imagery.,"The sun, a molten gold coin, peeked over the horizon, casting the forest in a warm, amber glow.  Leaves, once emerald green, now blazed with the fiery hues of autumn. Crimson, russet, and gold danced in the gentle breeze, like flames held aloft by invisible hands.  The air itself was crisp and sweet, carrying the scent of woodsmoke and damp earth,"
Science Fiction,1,1,Write a description of an autumn morning in a melancholic style.,"The sky, a bruised violet, stretched across the horizon, mirroring the weariness etched on the faces of the waking city.  A chill wind, scented with the bittersweet tang of decay, whispered through the skeletal branches of the ancient trees, their leaves, once vibrant green, now a tapestry of gold and crimson, slowly drifting to the ground.  The sun, a pale disc, peeked over the"
Science Fiction,2,1,Create a short text portraying an autumn morning with a melancholic atmosphere.,"The last rays of the crimson sun bled over the horizon, painting the rusted cityscape in hues of orange and purple.  A gentle breeze, carrying the scent of dying leaves and distant industrial smoke, whispered through the skeletal branches of the biodome trees.  It was a symphony of decay, a melancholic waltz of the season's end."
Science Fiction,3,1,Describe an autumn morning using a sad nostalgic literary tone.,"The sun, a pale ghost in the sky, bled through the dying leaves, painting the world in hues of bruised orange and faded gold.  Each fallen leaf, a whispered memory of summer's vibrant embrace, drifted down to join the burgeoning pile, a monument to a season that had already begun its slow, inevitable retreat.  The wind, a mournful sigh, carried the scent of damp earth"
Science Fiction,4,1,Write a poetic paragraph about an autumn morning filled with melancholy.,"The air, thick with the scent of decaying leaves and ozone, hung heavy with the weight of a dying sun.  A melancholic silence fell over the desolate landscape, broken only by the whisper of wind through the skeletal branches of ancient trees.  The sky, a bruised purple, mirrored the ache in my heart as I watched the world slip into a slumber from which it would not awaken."
Science Fiction,5,1,Write a literary description of an autumn morning using metaphors and sensory imagery.,"The sky bled crimson and gold, a painter's palette splashed across the horizon, as if the sun itself had dipped its brush into a fiery landscape.  The air, crisp and alive with the scent of decaying leaves, whispered secrets of winter slumber.  Each gust carried the rustle of fallen trees, their skeletons reaching towards the sun like skeletal fingers, clutching at the last vestiges of warmth."
Mystery,1,1,Write a description of an autumn morning in a melancholic style.,"The air hung heavy with the scent of fallen leaves, a cloying sweetness that masked the chill settling in the bones.  Sunlight, a pale ghost of its former self, struggled to pierce the gathering gloom, illuminating the skeletal branches of the ancient oak that stood sentinel over the overgrown garden.  A single, crimson leaf, its edges tattered and brown, drifted down, landing softly on the moss"
Mystery,2,1,Create a short text portraying an autumn morning with a melancholic atmosphere.,"The mist clung to the ancient oak, its leaves a tapestry of amber and crimson, whispering secrets to the wind.  A melancholic chill had settled over the village, as if the very air itself mourned the encroaching winter.  The cobblestone path, usually bustling with morning life, lay deserted, each crack echoing with an unspoken sorrow."
Mystery,3,1,Describe an autumn morning using a sad nostalgic literary tone.,"The air, thick with the scent of damp leaves and decaying wood, clung to the old manor like a shroud.  The sun, a pale ghost in the deepening blue of the sky, cast long, melancholy shadows across the overgrown garden.  Each rust-colored leaf that pirouetted down, a silent dancer in the gentle breeze, seemed to carry a whisper of forgotten summers.  A sense"
Mystery,4,1,Write a poetic paragraph about an autumn morning filled with melancholy.,"The air, heavy with the scent of decaying leaves, hung low and still.  Sunlight, a pale ghost through the thinning canopy, cast long shadows that whispered secrets of a forgotten summer. A melancholic hush settled over the ancient forest, each rustle of wind through the branches carrying the weight of unspoken truths."
Mystery,5,1,Write a literary description of an autumn morning using metaphors and sensory imagery.,"The world woke with the sigh of a slumbering giant.  A hush fell over the fields, broken only by the rustle of fallen leaves like whispers carried on a ghostly breeze. Sunlight, a pale ghost of its former self, peeked through the canopy of leaves, casting long, dancing shadows that spoke of secrets lost. The air, thick with the scent of damp earth and decaying leaves,"
Thriller,1,1,Write a description of an autumn morning in a melancholic style.,"The air hung heavy, a blanket of damp chill draped over the world.  Sunlight, if it dared to touch the landscape at all, was swallowed by the encroaching shadows of the ancient oaks. Their leaves, once a vibrant tapestry of gold and crimson, now lay scattered on the ground like fallen promises, a silent testament to the inevitable decay. A mournful wind whistled through the skeletal branches, carrying"
Thriller,2,1,Create a short text portraying an autumn morning with a melancholic atmosphere.,"The air hung heavy, pregnant with the scent of damp earth and decaying leaves. Sunlight, a pale ghost through the gathering storm clouds, painted the world in muted hues of ochre and grey. A single, tattered leaf, caught in a gust of wind, spiraled down, a silent lament against the vast expanse of blue sky."
Thriller,3,1,Describe an autumn morning using a sad nostalgic literary tone.,"The air hung heavy, a damp shroud clinging to the skeletal branches of the ancient oak.  Sunlight, a pale ghost, filtered through the descending leaves, painting fleeting, melancholic patterns on the dew-kissed grass.  Each rustle of the wind that whipped through the skeletal branches sounded like a whispered lament, a lament for the sun's waning strength and the approaching darkness.  The"
Thriller,4,1,Write a poetic paragraph about an autumn morning filled with melancholy.,"The air hung heavy, pregnant with the scent of decay.  Sunlight, a pale ghost through the skeletal branches, cast long, mournful shadows across the fallen leaves, a carpet of crimson and gold, now muted, brittle, and forgotten.  A single, withered leaf clung stubbornly to a branch, a defiant whisper against the encroaching silence of autumn."
Thriller,5,1,Write a literary description of an autumn morning using metaphors and sensory imagery.,"The air hung heavy, a shroud of damp chill woven with the scent of decaying leaves.  Sunlight, a pale ghost through the skeletal branches of the ancient oak, cast long, skeletal shadows that danced with the wind.  The world was a tapestry of muted golds and crimson, the dying embers of summer clinging to the landscape.  A single, fat raindrop plopped onto the window"
Historical Fiction,1,1,Write a description of an autumn morning in a melancholic style.,"The first light of dawn clung to the horizon like a reluctant child, casting long, skeletal shadows across the skeletal branches of the ancient oak.  The air hung heavy, heavy with the scent of decaying leaves and the promise of a winter that would bury the world beneath a blanket of white.  Even the wind, usually a harbinger of change, seemed subdued, its whispers carried on the chill breath"
Historical Fiction,2,1,Create a short text portraying an autumn morning with a melancholic atmosphere.,"The wind, a restless spirit, whispered through the skeletal branches of the ancient oak, carrying with it the scent of decaying leaves and the promise of winter's frost.  A blanket of grey had settled over the once vibrant countryside, mirroring the melancholic mood that had settled upon the village.  The harvest, though plentiful, had brought little cheer. The king's tax collectors were back,"
Historical Fiction,3,1,Describe an autumn morning using a sad nostalgic literary tone.,"The wind, a restless spirit, whispered through the skeletal branches, carrying with it the scent of turning leaves, a bittersweet symphony of decay.  A haze of ochre and crimson clung to the horizon, mirroring the somber mood that settled over the once bustling market square.  The cobblestones, slick with a lingering moisture, echoed with the ghosts of laughter and bustling trade, a melancholic reminder of"
Historical Fiction,4,1,Write a poetic paragraph about an autumn morning filled with melancholy.,"The morning mist clung to the ancient oaks, shrouding the land in a spectral grey.  A chill wind whispered through the skeletal branches, carrying with it the scent of decaying leaves and the promise of winter's icy grip.  The sun, a pale disc in the sky, offered no warmth, only a fleeting glimpse of gold as it struggled to pierce the encroaching gloom.  A melancholy"
Historical Fiction,5,1,Write a literary description of an autumn morning using metaphors and sensory imagery.,"The dawn crept in like a thief, shrouding the world in a veil of mist.  Sunlight, a hesitant newcomer,  touched the emerald tips of leaves, turning them to liquid gold, then to crimson embers as the day deepened.  The air, once thick with the scent of summer blooms, was now a canvas of earthy tones, a tapestry woven with the whispers of fallen leaves and the"
Adventure,1,1,Write a description of an autumn morning in a melancholic style.,"The air hung heavy, a blanket of gray mist clinging to the skeletal branches of the ancient oaks.  Sunlight, a pale ghost, dared to peek through the retreating clouds, painting the world in a muted palette of golds and bruised purples. A melancholic wind whispered through the fallen leaves, carrying with it the scent of damp earth and decaying wood. The world felt weary, a quiet resignation"
Adventure,2,1,Create a short text portraying an autumn morning with a melancholic atmosphere.,"The first rays of dawn dared to peek over the horizon, painting the sky in hues of bruised purple and fading orange.  A chill wind, whispering through the skeletal branches of the ancient oak, carried the scent of damp earth and decaying leaves.  The once vibrant tapestry of summer had been stripped bare, leaving behind a canvas of muted browns and greys.  A melancholic beauty hung in the"
Adventure,3,1,Describe an autumn morning using a sad nostalgic literary tone.,"The first rays of dawn, pale and hesitant, dared to peek through the skeletal branches of the ancient oak.  They painted the world in shades of bruised purple and fading gold, a melancholic symphony of dying light.  The wind, a mournful whisper through the empty boughs, carried the scent of fallen leaves, a bittersweet tang of decay and forgotten summers.  It was a morning that whispered of"
Adventure,4,1,Write a poetic paragraph about an autumn morning filled with melancholy.,"The wind, a restless spirit, howled through the skeletal branches, stripping the forest bare.  Each fallen leaf, a whispered memory, danced on the breeze, a symphony of farewells. The sun, a pale ghost, peeked through the thinning canopy, casting long, mournful shadows across the slumbering forest floor."
Adventure,5,1,Write a literary description of an autumn morning using metaphors and sensory imagery.,"The world awoke in a riot of color, each leaf a miniature canvas splashed with the fiery hues of sunset.  Crimson and gold danced on the windswept boughs, their whispers a symphony of rustling whispers against the morning mist.  The air, sharp and crisp like a dragon's breath, carried the scent of decaying leaves and damp earth, a bittersweet perfume of approaching winter.  Sunlight, a"
Horror,1,1,Write a description of an autumn morning in a melancholic style.,"The sun, a pale disc in the leaden sky, cast a spectral light upon the decaying leaves. They writhed in the wind, their vibrant hues a mockery of the chill that seeped into the very bones.  Each gust carried a whisper of forgotten sorrow, a lament for the season's inevitable descent into darkness."
Horror,2,1,Create a short text portraying an autumn morning with a melancholic atmosphere.,"The air hung heavy, thick with the scent of decaying leaves and something older, something primal. Sunlight, a pale ghost through the skeletal branches of the ancient oak, cast long, wavering shadows that whispered secrets of forgotten summers. A chill wind carried the murmur of unseen voices, their words lost to the rustling leaves, yet somehow etched into the stillness of the morning."
Horror,3,1,Describe an autumn morning using a sad nostalgic literary tone.,"The morning light, a pale ghost of the sun, crept through the skeletal branches of the ancient oak. Its leaves, once a riot of crimson and gold, lay scattered on the ground like spilled memories, each one a whisper of a past summer now fading with the chill of autumn. The air hung heavy, thick with the scent of woodsmoke and decay, a melancholic symphony playing on the wind"
Horror,4,1,Write a poetic paragraph about an autumn morning filled with melancholy.,"The morning air hung heavy with the scent of decaying leaves, each rustle a whispered lament.  Sunlight, a pale ghost through the skeletal branches, cast long, mournful shadows across the overgrown path.  A chill wind, carrying the ghost of forgotten laughter, whispered through the trees, a mournful serenade to a season slipping into oblivion."
Horror,5,1,Write a literary description of an autumn morning using metaphors and sensory imagery.,"The air hung heavy, a shroud of damp chill that clung to exposed skin like a spectral hand. Sunlight, a pale ghost through the thickening gloom, painted the leaves in a tapestry of bruised reds and fading golds, each one a dying ember trembling in the breeze.  The woods, once a symphony of rustling whispers, fell silent, save for the rasp of dead leaves skittering across the forest"
Comedy,1,1,Write a description of an autumn morning in a melancholic style.,"The sun, a lazy orange in the sky, barely bothered to peek over the horizon.  It felt like autumn was already dragging its feet,  a bit of a grump,  grumbling about the impending chill.  The leaves, once vibrant and full of life, were now a palette of melancholy browns and fading yellows, clinging desperately to the branches, knowing their time was running out."
Comedy,2,1,Create a short text portraying an autumn morning with a melancholic atmosphere.,"The air hung heavy with the scent of fallen leaves, a bittersweet aroma that spoke of summer's end and the approaching chill.  A lone crow perched on the porch railing, its black eyes glinting with a melancholic wisdom, as the world outside woke to the soft rustle of autumn's goodbye."
Comedy,3,1,Describe an autumn morning using a sad nostalgic literary tone.,"The world woke with the mournful sigh of a dying ember, a symphony of rustling leaves and the melancholic croaking of geese.  Autumn, in its grand, theatrical way, was painting the world in shades of melancholy orange and the sad purple of approaching frost."
Comedy,4,1,Write a poetic paragraph about an autumn morning filled with melancholy.,"The air hung heavy, like a cardigan forgotten in a closet full of ghosts, each rust-colored leaf whispering tales of summer's end.  Sunlight, a timid clown hiding behind a curtain of smoke, peeked through the gauzy curtain of leaves, offering a fleeting smile before retreating for a nap."
Comedy,5,1,Write a literary description of an autumn morning using metaphors and sensory imagery.,"The world woke up with a snort and a cough, a rusty old tractor finally starting its morning routine.  Sunlight, a grumpy uncle, spilled over the horizon, casting long, dramatic shadows from the trees, which were already shedding their summer skin like a flabby old lizard.  The air was a symphony of rustling leaves and the distant crackle of a bonfire, a warning to any squirrels"
Crime,1,1,Write a description of an autumn morning in a melancholic style.,"The air hung heavy, thick with the scent of decaying leaves and something else, something metallic and cold.  The first rays of dawn, pale and hesitant, struggled to pierce the heavy blanket of mist clinging to the cobblestone streets.  Even the birds seemed to have taken flight, leaving behind a silence that pressed in on the senses, a silence pregnant with unspoken secrets."
Crime,2,1,Create a short text portraying an autumn morning with a melancholic atmosphere.,"The wind, a mournful dirge, swept through the skeletal trees, carrying with it the scent of decay and fallen leaves.  A chill, heavier than the approaching winter, settled over the town square, reflecting the hollow ache in the old clock tower's chimes.  Sunlight, pale and hesitant, struggled to pierce the gathering clouds, painting the cobblestones in hues of muted gold and bruised"
Crime,3,1,Describe an autumn morning using a sad nostalgic literary tone.,"The air hung heavy, thick with the scent of decaying leaves and damp earth.  Sunlight, a pale ghost through the thinning canopy, painted the world in a muted palette of orange and gold, a color scheme that mirrored the hollowness in my chest.  This was the time of year when memories, like the leaves, seemed to fall away, leaving behind only the chill of their absence."
Crime,4,1,Write a poetic paragraph about an autumn morning filled with melancholy.,"The wind, a skeletal hand, scraped against the bare branches, whispering tales of forgotten summers.  A crimson haze clung to the sky, mirroring the crimson stain blooming on the sidewalk, a stark reminder of a life extinguished in the chill of a morning like this."
Crime,5,1,Write a literary description of an autumn morning using metaphors and sensory imagery.,"The air, a crisp velvet cloak, draped the fallen leaves, each one a miniature jewel of rust and gold.  A chill, like the bite of a forgotten secret, settled into the bone.  Sunlight, a pale ghost, struggled through the canopy, casting long, skeletal shadows that danced with the wind, whispers of a forgotten story.  The scent of woodsmoke and damp earth, a"
Dystopian,1,1,Write a description of an autumn morning in a melancholic style.,"The wind, a skeletal hand, clawed at the rusted skeletons of skyscrapers, snatching at the last vestiges of crimson and gold clinging to the withered trees.  A cold, grey light, the colour of forgotten memories, seeped through the cracks in the concrete canyons, painting the desolate landscape in shades of ash.  Even the birds, their songs long silenced by the smog, seemed to carry"
Dystopian,2,1,Create a short text portraying an autumn morning with a melancholic atmosphere.,"The wind whipped through the skeletal remains of the old city, carrying with it a symphony of rustling leaves. Each gust a whisper of a forgotten memory, a fleeting echo of a life once lived in this sun-bleached expanse. The sky, a bruised purple, mirrored the heavy weight in Elias's chest as he stared at the decaying facade of the library.  Autumn had arrived, not with"
Dystopian,3,1,Describe an autumn morning using a sad nostalgic literary tone.,"The wind, a skeletal hand, plucked at the last vestiges of green from the skeletal branches, scattering crimson and gold leaves like fallen dreams.  Sunlight, a pale ghost, struggled through the thinning canopy, painting the dust-choked streets in a mosaic of fleeting warmth. A symphony of rustling leaves, a once-familiar comfort, now carried a hint of despair, a whisper of what was lost"
Dystopian,4,1,Write a poetic paragraph about an autumn morning filled with melancholy.,"The rusted leaves, once vibrant, now hung limp and gray, like forgotten memories clinging to the skeletal branches.  A pale sun, barely peeking through the smog, cast long, skeletal shadows that stretched across the cracked earth. The air, thick with the dust of forgotten industries, carried the scent of decay and a hollow ache in its wake."
Dystopian,5,1,Write a literary description of an autumn morning using metaphors and sensory imagery.,"The sky, a bruised plum in the fading light, bled into the horizon, a canvas of rust and ash. The wind, a skeletal hand, swept through the skeletal trees, their branches clawing at the sky like withered fingers. Each gust tore from the earth, carrying with it the scent of decay, a metallic tang mingled with the earthy perfume of fallen leaves."
Cyberpunk,1,1,Write a description of an autumn morning in a melancholic style.,"The sky bled orange and purple, a dying ember against the smog-choked horizon.  Rain, acidic and cold, slicked the chrome-plated streets, each drop a tiny shard of broken glass.  Even the neon signs, usually vibrant and buzzing with promises, flickered with a melancholic hum, their hues dulled by the approaching winter.  The city, a sprawling monument to"
Cyberpunk,2,1,Create a short text portraying an autumn morning with a melancholic atmosphere.,"The rain hammered against the grime-coated windows of the abandoned warehouse, each drop a tiny hammer striking the silence.  Outside, the city was a canvas of fading neon, the colors bleeding into the bruised purple of the twilight sky.  A lone crow circled overhead, its black silhouette a stark contrast against the dying light.  The wind whispered through the skeletal remains of trees, their leaves scattered like"
Cyberpunk,3,1,Describe an autumn morning using a sad nostalgic literary tone.,"The rusted teeth of the city yawned, bathed in the sickly yellow glow of the setting sun.  A cold wind, smelling of ash and forgotten dreams, whipped through the canyons of steel and glass, carrying with it the whispers of fallen leaves, their colors muted, drained of their vibrancy by the smog.  Each gust carried a touch of nostalgia, a ghost of autumn past, when the"
Cyberpunk,4,1,Write a poetic paragraph about an autumn morning filled with melancholy.,"The neon veins of the city throbbed with a muted orange, the dawn sky bleeding into a bruised palette of gray.  A chill wind, carrying the scent of burnt plastic and forgotten dreams, whispered through the skeletal branches of chrome-leafed trees.  The chrome reflections of the city shimmered, a ghostly mockery of life in this concrete jungle."
Cyberpunk,5,1,Write a literary description of an autumn morning using metaphors and sensory imagery.,"The sky bled crimson and gold, a dying sunset clinging to the horizon like a desperate lover.  Rain, slick and metallic, drummed on the grimy windows of the apartment block, each drop a tiny hammer striking the glass.  The air hung heavy, a shroud of humidity thick enough to choke on.  Streetlights, like malevolent eyes, flickered to life, their neon glow"
Steampunk,1,1,Write a description of an autumn morning in a melancholic style.,"The gears of the world seemed to grind slower this morning, a melancholic rhythm echoing the chill that had settled upon the city. The gaslight, though strong, cast a muted, orange glow upon the cobblestones, each ripple in the oil reflecting a thousand fleeting memories.  The air, thick with the scent of coal dust and decaying leaves, carried whispers of forgotten dreams, each rustle"
Steampunk,2,1,Create a short text portraying an autumn morning with a melancholic atmosphere.,"The gears of the clock tower groaned in sympathy with the wind, each tick a mournful sigh against the bare branches.  A blanket of melancholy draped over the cobblestone streets, muted by the fading light of the setting sun.  The air, once thick with the scent of coal smoke and steam, now held the sharp tang of decaying leaves.  A lone raven, its feathers tinged with the crimson"
Steampunk,3,1,Describe an autumn morning using a sad nostalgic literary tone.,"The air, crisp and cold, carried the scent of decaying leaves and the metallic tang of coal smoke. A melancholy symphony of chirping crickets and the distant clang of a factory bell filled the morning air.  The sun, a pale disc behind the smog-choked sky, cast long, mournful shadows from the clockwork gargoyles perched atop the grand clock tower."
Steampunk,4,1,Write a poetic paragraph about an autumn morning filled with melancholy.,"The gears of dawn turned sluggishly in the sky, painting the bruised clouds with hues of forget-me-not.  The wind, a restless spirit, rattled the windowpanes of the clockwork tower, each chiming tick a mournful sigh.  A lone crow, its feathers the color of aged brass, perched on the weather vane, its black eyes gazing down at the city, a tapestry"
Steampunk,5,1,Write a literary description of an autumn morning using metaphors and sensory imagery.,"The gears of dawn turned slowly in the sky, casting a palette of bruised oranges and dusty reds across the rooftops.  Steam hissed from the pipes, a mournful symphony to the awakening city.  A chill wind, laced with the scent of woodsmoke and decaying leaves, whispered through the cobblestone streets, carrying with it the echo of distant factory whistles.  The gaslights, like fiery, molten"
Post-Apocalyptic,1,1,Write a description of an autumn morning in a melancholic style.,"The wind, a skeletal hand, plucked at the last crimson leaves, scattering them like whispers on the barren ground.  The sun, a pale ghost, struggled to pierce the haze, casting long, skeletal shadows from the skeletal trees.  A rustle, a sigh, the world seemed to hold its breath, waiting for the silence to swallow it whole."
Post-Apocalyptic,2,1,Create a short text portraying an autumn morning with a melancholic atmosphere.,"The wind, a skeletal finger scraping against the rusted window, carried the scent of decay.  Sunbeams, pale and hesitant, pierced through the tattered leaves clinging to the skeletal branches, painting fleeting patterns on the dust-covered floor.  A single, withered sunflower, its head bowed low, stood defiant in the corner, a silent testament to a time when life bloomed."
Post-Apocalyptic,3,1,Describe an autumn morning using a sad nostalgic literary tone.,"The wind, a mournful wraith through the skeletal branches, whispered tales of a world long gone.  Scarlet and gold leaves, brittle and dry, skittered across the dust-choked ground, a silent symphony of decay.  Even the sun, a pale ghost in the bruised sky, seemed to cast a shadow of regret upon the desolate landscape.  This autumn morning was a poignant reminder of"
Post-Apocalyptic,4,1,Write a poetic paragraph about an autumn morning filled with melancholy.,"The wind, a skeletal hand, swept through the skeletal trees, their leaves, once vibrant, now scattered like fallen memories, each a whisper of a world that no longer was.  A muted sunrise, pale and anemic, bled through the dust-choked sky, painting the horizon with the same gray as the concrete canyons that swallowed the dreams of generations past."
Post-Apocalyptic,5,1,Write a literary description of an autumn morning using metaphors and sensory imagery.,"The sky, a bruised canvas of fading orange and violet, bled onto the cracked earth.  A skeletal tree, stripped bare by the winds of forgotten winters, stood sentinel, its branches a symphony of rust and ash.  Sunlight, a timid ghost, peeked through the veil of falling leaves, painting fleeting gold on the withered grass.  A chill, sharper than the bite of a forgotten winter"
Fairy Tale,1,1,Write a description of an autumn morning in a melancholic style.,"The sun, a wounded bird with feathers of bruised gold, peeked over the horizon, casting long, mournful shadows across the forest floor.  The leaves, once vibrant tapestries of crimson and gold, now lay scattered like fallen dreams, their colors muted by the encroaching chill. A gentle breeze, smelling faintly of damp earth and forgotten promises, whispered through the skeletal branches, stirring the fallen leaves"
Fairy Tale,2,1,Create a short text portraying an autumn morning with a melancholic atmosphere.,"The first light of dawn, a timid blush of gold, peeked over the horizon, timidly touching the leaves of the ancient oak. They rustled, their once vibrant crimson and gold now fading to a soft, melancholy gray.  The air, once crisp and alive with the scent of woodsmoke and ripening apples, was now heavy with the chill of approaching winter, carrying the whisper of forgotten"
Fairy Tale,3,1,Describe an autumn morning using a sad nostalgic literary tone.,"The morning air, crisp and thin, carried whispers of stories long forgotten.  Crimson leaves, like fallen tears, drifted down from the ancient oaks, painting the ground in hues of rust and gold.  Each gust of wind carried a sigh, a lament for the summer's warmth, for the laughter of children, and the songs of birds now silenced by the approaching winter.  A melancholic"
Fairy Tale,4,1,Write a poetic paragraph about an autumn morning filled with melancholy.,"The sun, a pale ghost in the deepening blue, cast long shadows across the withered leaves, their once vibrant hues now muted and tinged with gray.  A gentle breeze whispered through the skeletal trees, carrying with it the scent of damp earth and fading summer, a bittersweet melody that spoke of the approaching winter's slumber."
Fairy Tale,5,1,Write a literary description of an autumn morning using metaphors and sensory imagery.,"The world awoke with a blush of amber, the sun a sleepy eye peering over the horizon.  Crimson leaves, like fallen jewels, scattered across the forest floor, whispering secrets on the breeze.  The air, crisp and clean, carried the scent of woodsmoke and decaying leaves, a symphony of autumnal aromas.  Sunlight danced on the golden-brown trunks of ancient oaks, casting long,"
